Country,City,Continent,Jan,Feb,Mar,Apr,May,Jun,Jul,Aug,Sep,Oct,Nov,Dec,Annual,Annual
Algeria,Algiers,Africa,11.2,11.9,12.8,14.7,17.7,21.3,24.6,25.2,23.2,19.4,15.2,12.1,17.4,63.3
Angola,Luanda,Africa,26.7,28.5,28.6,28.2,27,23.9,22.1,22.1,23.5,25.2,26.7,26.9,25.8,70
Botswana,Gaborone,Africa,26,25,24,21,17,13,13,17,21,23,25,25,21,77.5
Cameroon,Yaounde,Africa,23.7,25.3,25,24.6,24.1,23.4,22.6,23,23.1,23.3,23.7,23.7,23.8,68
Democratic Republic of the Congo,Kinshasa,Africa,26,26.2,26.7,26.8,26,23.7,22.2,23.5,25.3,26,25.9,25.6,25.3,61
Egypt,Cairo,Africa,13.6,14.9,16.9,21.2,24.5,27.3,27.6,27.4,26,23.3,18.9,15,21.4,79
Egypt,Alexandria,Africa,13.4,13.9,15.7,18.5,21.2,24.3,25.9,26.3,25.1,22,18.7,14.9,20,68
Eritrea,Asmara,Africa,13.8,14.9,16.3,17,17.6,17.6,16.3,16.1,15.7,14.9,14,13.2,15.6,82
Ethiopia,Addis Ababa,Africa,16,17,17,17,18,17,15,16,16,16,15,15,16,80.2
Ghana,Accra,Africa,27.3,27.7,27.7,27.7,27.2,25.6,24.4,24.3,25.2,26,27,27.2,26.4,80.8
Ivory Coast,Abidjan,Africa,27,28,28,28,27,26,25,24,25,26,27,27,26,59.9
Kenya,Nairobi,Africa,18,18.8,19.4,19.2,17.8,16.3,15.6,15.9,17.3,18.5,18.4,18.1,17.8,85.8
Libya,Tripoli,Africa,12,13,15,18,22,26,27,28,27,23,17,13,20,65.1
Madagascar,Antananarivo,Africa,20.5,20.7,20.1,19.2,16.8,14.6,14.1,14.5,16.3,18.5,19.7,20.2,17.9,67.8
Mali,Bamako,Africa,25.1,27.8,30.2,31.6,31.4,29.1,26.8,26.1,26.6,27.7,26.5,24.8,27.8,53.8
Morocco,Rabat,Africa,12.6,13.1,14.2,15.2,17.4,19.8,22.2,22.4,21.5,19,15.9,13.2,17.2,82.9
Nigeria,Lagos,Africa,27.3,28.5,28.5,28,27.1,25.6,25.3,25.1,25.5,26.4,27.2,27.2,26.8,72.3
Senegal,Dakar,Africa,21,21,21,21,22,25,27,27,27,27,26,23,24,45.7
Somalia,Mogadishu,Africa,26.6,26.9,28,28.9,28.2,26.7,25.4,25.9,26.5,27.3,27.5,26.9,27.1,73.9
South Africa,Cape Town,Africa,20.4,20.4,19.2,16.9,14.4,12.5,11.9,12.4,13.7,15.6,17.9,19.5,16.2,80.1
South Africa,Johannesburg,Africa,19.5,19,18,15.3,12.6,9.6,10,12.5,15.9,17.1,17.9,19,15.5,80.1
South Africa,Durban,Africa,24.1,24.3,23.7,21.6,19.1,16.6,16.5,17.7,19.2,20.1,21.4,23.1,20.6,63
Sudan,Khartoum,Africa,23.2,25,28.7,31.9,34.5,34.3,32.1,31.5,32.5,32.4,28.1,24.5,29.9,59.7
Tanzania,Dar es Salaam,Africa,27.4,27.7,27.4,26.5,25.5,24.2,23.5,23.7,24.3,25.3,26.3,27.3,25.8,54.5
Tunisia,Tunis,Africa,11.5,12,13.2,15.6,19.3,23.2,26.3,26.8,24.4,20.4,15.9,12.5,18.4,69.6
Uganda,Kampala,Africa,22,22,22,21,20,20,20,20,20,21,21,21,20,31.3
Zambia,Lusaka,Africa,21.5,21.5,21.1,19.9,17.4,15.2,14.9,17.3,21.3,23.5,23.4,21.7,19.9,78.8
Zimbabwe,Harare,Africa,21,20.7,20.3,18.8,16.1,13.7,13.4,15.5,18.6,20.8,21.2,20.9,18.4,79
Afghanistan,Kabul,Asia,-2.3,-0.7,6.3,12.8,17.3,22.8,25,24.1,19.7,13.1,5.9,0.6,12.1,62.6
Bangladesh,Dhaka,Asia,18.6,22,26.3,28.4,28.8,29,28.7,28.9,28.5,27.4,24,20,25.9,83.5
Cambodia,Phnom Penh,Asia,26.6,28,29.4,30.2,30,29.2,28.7,28.5,28.2,27.2,27.1,26.3,28.3,80.4
China,Beijing,Asia,-3.1,0.3,6.7,14.8,20.8,24.9,26.7,25.5,20.8,13.7,5,-0.9,12.9,50.7
China,Guangzhou,Asia,13.9,15.2,18.1,22.4,25.8,27.8,28.9,28.8,27.5,24.7,20.1,15.5,22.4,51.3
China,Harbin,Asia,-17.6,-12.1,-2.7,7.7,15.4,21.4,23.3,21.8,15.4,6.8,-4.6,-14.4,5,48.4
China,Lhasa,Asia,-2.1,1.1,4.6,8.1,11.9,15.5,15.3,14.5,12.8,8.1,2.2,-1.7,7.6,54.1
China,Shanghai,Asia,4.6,6.1,9.6,15.1,20.3,24.1,28.4,28.1,24.4,19.3,13.4,7.1,16.7,66.6
China,Hong Kong,Asia,16.3,16.8,19.1,22.6,25.9,27.9,28.8,28.6,27.7,25.5,21.8,17.9,23.3,59.4
India,New Delhi,Asia,13.8,16.5,22.1,28.7,32.8,34,30.9,29.7,29,26.1,20.5,15.3,25,42.3
India,Kolkata,Asia,20.1,22.8,27.6,30.5,31.3,30.4,29.1,28.8,28.8,27.5,23.7,20.3,26.7,63.5
India,Mumbai,Asia,23.7,24.5,26.8,28.4,29.9,29.2,27.6,27.2,27.3,28.3,27.2,25.2,27.1,54.5
Indonesia,Jakarta,Asia,26.1,26.1,26.4,27,27.2,26.7,26.4,26.7,27,27.2,27,26.4,26.7,66.6
Iraq,Baghdad,Asia,9.7,12,16.6,22.6,28.3,32.3,34.8,34,30.5,24.7,16.5,11.2,22.77,48.7
Iran,Tehran,Asia,1,5,10,17,21,27,31,29,26,18,11,5,17,47.1
Israel,Tel Aviv,Asia,12,13,15,18,21,23,26,26,25,22,18,13,20,52.3
Japan,Tokyo,Asia,5.2,5.7,8.7,13.9,18.2,21.4,25,26.4,22.8,17.5,12.1,7.6,15.4,39.9
North Korea,Pyongyang,Asia,-5.8,2.4,4.4,11.2,17.1,21.7,24.3,24.6,19.6,12.5,4.7,-2.9,10.8,44.2
South Korea,Seoul,Asia,-2.4,0.4,5.7,12.5,17.8,22.2,24.9,25.7,21.2,14.8,7.2,0.4,12.5,50.7
Kuwait,Kuwait City,Asia,12.5,14.8,19.3,24.9,31.5,36,37.7,36.8,33.3,27.3,19.9,14.1,25.7,72.7
Lebanon,Beirut,Asia,14,14,16,18.7,21.7,24.9,27.1,27.8,26.8,24.1,19.5,15.8,20.9,78.6
Malaysia,Kuala Lumpur,Asia,26.9,27.3,27.6,27.7,28,27.9,27.4,27.5,27.2,27.1,26.8,26.7,27.3,81.3
Mongolia,Ulaanbaatar,Asia,-21.6,-16.6,-7.4,2,10.1,15.7,18.2,16,9.6,0.5,-11.9,-19,-0.4,64
Nepal,Kathmandu,Asia,10,11.9,16.1,19.2,21.8,23.8,24.1,24.1,23.3,19.1,14.8,11.3,18.3,73.6
Pakistan,Karachi,Asia,18.1,20.2,24.5,28.3,30.5,31.4,30.3,28.9,28.9,27.9,23.9,19.5,26,37.1
Philippines,Manila,Asia,26.7,27.4,28.7,30.1,30,29.3,28.5,28.3,28.4,28.4,28,27,28.4,55.6
Saudi Arabia,Riyadh,Asia,14,16,21,26,32,34,36,35,32,27,21,16,26,49.7
Singapore,Singapore,Asia,27,27,28,28,28,28,28,28,27,27,27,26,27,50.7
Syria,Damascus,Asia,6.1,7.7,11.4,16.2,20.8,25,27.3,27,24,19,12.1,7.5,17,69.4
Taiwan,Taipei,Asia,16.1,16.5,18.5,21.9,25.2,27.7,29.6,29.2,27.4,24.5,21.5,17.9,23,65.4
Thailand,Bangkok,Asia,27,28.3,29.5,30.5,29.9,29.5,29,28.8,28.3,28.1,27.8,26.5,28.6,46.1
Turkey,Ankara,Asia,0.4,1.9,6,11.3,16.1,20.1,23.6,23.4,18.8,13,7,2.6,12,75
UAE,Dubai,Asia,18.7,19.3,22.3,26.1,29.9,32.2,34.4,34.4,32.1,28.7,24.3,20.6,26.9,52.4
Vietnam,Hanoi,Asia,16.4,17.2,20,23.9,27.4,28.9,29.2,28.6,27.5,24.9,21.5,18.2,23.6,59.2
Austria,Vienna,Europe,0.3,1.5,5.7,10.7,15.7,18.7,20.8,20.2,15.4,10.2,5.1,1.1,10.4,63.9
Belgium,Brussels,Europe,3.3,3.7,6.8,9.8,13.6,16.2,18.4,18,14.9,11.1,6.8,3.9,10.5,54
Croatia,Zagreb,Europe,0.3,2.3,6.4,10.7,15.8,18.8,20.6,20.1,15.9,10.5,5,1.4,10.7,77.7
Czech Republic,Prague,Europe,-1.4,-0.4,3.6,8.4,13.4,16.1,18.2,17.8,13.5,8.5,3.1,-0.3,8.4,47.8
Denmark,Copenhagen,Europe,1.4,1.4,3.5,7.7,12.5,15.6,18.1,17.7,13.9,9.8,5.5,2.5,9.1,74.8
Finland,Helsinki,Europe,-3.9,-4.7,-1.3,3.9,10.2,14.6,17.8,16.3,11.5,6.6,1.6,-2,5.9,58.5
France,Paris,Europe,4.9,5.6,8.8,11.4,15.1,18.2,20.4,20.2,16.9,12.9,8.1,5.4,12.3,57.9
Germany,Berlin,Europe,0.6,2.3,5.1,10.2,14.8,17.9,20.3,19.7,15.3,10.5,6,1.3,10.3,66.6
Greece,Athens,Europe,10.2,10.9,13.2,16.9,21.8,26.6,29.3,29.3,25,20.1,15.5,11.5,19.2,
Ireland,Dublin,Europe,5.3,5.3,6.8,8.3,10.9,13.6,15.6,15.3,13.4,10.5,7.4,5.6,9.8,
Italy,Rome,Europe,7.5,8.2,10.2,12.6,17.2,21.1,24.1,24.5,20.8,16.4,11.4,8.4,15.2,
Netherlands,Amsterdam,Europe,3.4,3.5,6.1,9.1,12.9,15.4,17.6,17.5,14.7,11,7.1,4,10.2,
Norway,Oslo,Europe,-4.3,-4,-0.2,4.5,10.8,15.2,16.4,15.2,10.8,6.3,0.7,-3.1,5.7,
Poland,Warsaw,Europe,-1.8,-0.6,2.8,8.7,14.2,17,19.2,18.3,13.5,8.5,3.3,-0.7,8.5,
Portugal,Lisbon,Europe,11.6,12.7,14.9,15.9,18,21.2,23.1,23.5,22.1,18.8,15,12.4,17.5,
Russia,Moscow,Europe,-6.5,-6.7,-1,6.7,13.2,17,19.2,17,11.3,5.6,-1.2,-5.2,5.8,
Serbia,Belgrade,Europe,1.4,3.1,7.6,12.9,18.1,21,23,22.7,18,12.9,7.1,2.7,12.5,
Spain,Madrid,Europe,6.3,7.9,11.2,12.9,16.7,22.2,25.6,25.1,20.9,15.1,9.9,6.9,15,
Spain,Seville,Europe,11,12.5,15.6,17.3,20.7,25.1,28.2,27.9,25,20.2,15.1,11.9,19.2,
Sweden,Stockholm,Europe,-2.8,-3,0.1,4.6,10.7,15.6,17.2,16.2,11.9,7.5,2.6,-1,6.6,
Switzerland,Zurich,Europe,0.3,1.3,5.3,8.8,13.3,16.4,18.6,18,14.1,9.9,4.4,1.4,9.3,
Turkey,Istanbul,Europe,5.7,5.7,7,11.1,15.7,20.4,22.9,23.1,19.8,15.6,11.5,8,13.9,
Ukraine,Kyiv,Europe,-3.5,-3,1.8,9.3,15.5,18.5,20.5,19.7,14.2,8.4,1.9,-2.3,8.4,
United Kingdom,Edinburgh,Europe,4.2,4.5,6.2,8.1,10.8,13.5,15.3,15.2,13,9.8,6.7,4.2,9.3,
United Kingdom,London,Europe,5.2,5.3,7.6,9.9,13.3,16.5,18.7,18.5,15.7,12,8,5.5,11.3,
The Bahamas,Nassau,NorthAmerica,21.1,21.1,22.2,23.4,25.3,26.9,27.9,27.9,27.3,25.9,23.8,21.9,24.6,
Canada,Calgary,NorthAmerica,-7.1,-5.4,-1.6,4.6,9.7,13.7,16.5,15.8,11,5.2,-2.4,-6.8,4.4,
Canada,Edmonton,NorthAmerica,-10.4,-7.6,-2.5,5.4,11.5,15.5,17.7,16.9,11.4,5.1,-4.1,-8.8,4.2,
Canada,Montreal,NorthAmerica,-9.7,-7.7,-2,6.4,13.4,18.6,21.2,20.1,15.5,8.5,2.1,-5.4,6.8,
Canada,Toronto,NorthAmerica,-3.7,-2.6,1.4,7.9,14.1,19.4,22.3,21.5,17.2,10.7,4.9,-0.5,9.4,
Canada,Vancouver,NorthAmerica,4.1,4.9,6.9,9.4,12.8,15.7,18,18,14.9,10.3,6.3,3.6,10.4,
Canada,Winnipeg,NorthAmerica,-16.4,-13.2,-5.8,4.4,11.6,17,19.7,18.8,12.7,5,-4.9,-13.2,3,
Costa Rica,San Jose,NorthAmerica,22.6,23,23.5,23.7,22.9,22.5,22.6,22.4,22,21.8,21.9,22.3,22.6,
Cuba,Havana,NorthAmerica,22.2,22.4,23.7,24.8,26.1,27,27.6,27.9,27.4,26.1,24.5,23,25.2,
Dominican Republic,Santo Domingo,NorthAmerica,24.4,24.4,24.9,25.6,26.3,26.9,27,27.1,27,26.7,26,24.9,25.9,
Guatemala,Guatemala City,NorthAmerica,17.7,20.7,20.7,23.4,23.9,21,20.8,21,20.7,20.3,19.4,17.5,20.4,
Jamaica,Kingston,NorthAmerica,25.8,25.9,26.4,26.9,27.8,28.5,28.9,28.7,28.4,27.7,27.2,26.7,27.4,
Mexico,Mexico City,NorthAmerica,14.6,15.9,18.1,19.6,20,19.4,18.2,18.3,18,17.1,16.3,15,17.5,
Mexico,Tijuana,NorthAmerica,13.6,14.3,14.8,16.1,18,19.8,22.2,22.8,22,19.5,16.6,14,17.8,
Panama,Panama City,NorthAmerica,28,28,28,28,28,27,27,27,27,27,27,27,28,
El Salvador,San Salvador,NorthAmerica,22.2,22.8,23.8,24.5,24.2,23.3,23.3,23.2,22.8,22.8,22.4,22,23.1,
Puerto Rico,San Juan,NorthAmerica,25.3,25.5,26.1,26.8,27.7,28.5,28.6,28.7,28.6,28.1,27,24.8,27.2,
United States,Anchorage,NorthAmerica,-8.3,-6.6,-3,2.7,8.8,12.9,14.9,13.7,9.2,1.6,-5.4,-7.2,2.8,
United States,Atlanta,NorthAmerica,6.4,8.6,12.6,16.7,21.3,25.2,26.9,26.4,23.1,17.4,12.3,7.5,17,
United States,Baltimore,NorthAmerica,0.8,2.4,6.8,12.4,17.6,22.8,25.3,24.3,20.2,13.7,8.3,2.9,13.1,
United States,Boston,NorthAmerica,-1.5,0,3.7,9.1,14.6,20,23.2,22.4,18.4,12.4,7.2,1.7,10.9,
United States,Chicago,NorthAmerica,-4.6,-2.4,3.2,9.4,15,20.5,23.3,22.4,18.1,11.4,4.6,-2.4,9.8,
United States,Dallas,NorthAmerica,7.7,9.9,14.2,18.6,23.3,27.4,29.7,29.8,25.6,19.8,13.7,8.4,19,
United States,Denver,NorthAmerica,-0.3,0.8,4.8,8.9,14.2,19.7,23.4,22.3,17.3,10.4,3.8,-0.9,10.4,
United States,Detroit,NorthAmerica,-3.7,-2.3,2.7,9.4,15.2,20.7,23,22.1,17.9,11.2,5.2,-1.2,10,
United States,Houston,NorthAmerica,11.5,13.3,16.9,20.7,24.8,27.7,28.9,29,26.3,21.7,16.6,12.3,20.8,
United States,Las Vegas,NorthAmerica,8.8,11.1,15,19.1,24.7,29.9,33.2,32.1,27.6,20.4,13.1,8.2,20.3,
United States,Los Angeles,NorthAmerica,14.4,14.9,15.9,17.3,18.8,20.7,22.9,23.5,22.8,20.3,16.9,14.2,18.6,
United States,Miami,NorthAmerica,19.9,21.1,22.4,24.2,26.5,28.1,28.8,28.9,28.2,26.4,23.7,21.2,24.9,
United States,Minneapolis,NorthAmerica,-9.1,-6.2,0.4,8.6,15.1,20.4,23.2,21.7,16.7,9.4,0.9,-6.8,7.8,
United States,New York City,NorthAmerica,0.6,2.1,6.1,11.9,17.1,22.1,24.9,24.3,20.2,14.1,8.9,3.3,12.9,
United States,Phoenix,NorthAmerica,13.6,15.4,18.5,22.7,27.8,32.7,34.9,34.2,31.3,24.8,17.9,13.1,23.9,
United States,San Diego,NorthAmerica,14.2,14.7,15.5,16.8,18.1,19.4,21.4,22.2,21.7,19.6,16.6,13.9,17.8,
United States,San Francisco,NorthAmerica,11.2,12.6,13.3,13.9,14.7,15.8,16.3,16.9,17.5,16.8,14.1,11.4,14.6,
United States,Seattle,NorthAmerica,5.4,6.2,7.9,10.1,13.2,15.9,18.6,18.8,16.2,11.4,7.4,4.7,11.3,
United States,Washington,NorthAmerica,2.3,3.9,8.3,13.8,18.9,24.1,26.6,25.7,21.7,15.3,9.8,4.3,14.6,
Australia,Darwin,Oceania,28.3,28.1,28.3,28.4,27.1,25.3,25,25.9,27.8,29.1,29.3,29,27.6,
Australia,Melbourne,Oceania,20.1,20.2,18.6,15.6,12.7,10.5,9.8,10.9,12.7,14.7,16.6,18.6,15.1,
Australia,Perth,Oceania,24.5,24.9,23.1,19.7,16.5,14,13,13.5,14.8,17.3,20.3,22.7,18.7,
Australia,Sydney,Oceania,22.3,22.3,21.2,18.5,15.5,13.1,12.2,13.4,15.5,17.8,19.6,21.3,17.7,
New Zealand,Auckland,Oceania,19.1,19.7,18.4,16.1,14,11.8,10.9,11.3,12.7,14.2,15.7,17.8,15.2,
New Zealand,Christchurch,Oceania,17.5,17.2,15.5,12.7,9.8,7.1,6.6,7.9,10.3,12.2,14.1,16.1,12.2,
Papua New Guinea,Port Moresby,Oceania,27.4,27.3,27.1,27,26.9,26.1,25.7,26.1,26.5,27.5,27.6,27.8,26.9,
United States,Honolulu,NorthAmerica,22.9,22.9,23.7,24.6,25.6,26.8,27.4,27.8,27.6,26.8,25.4,23.8,25.4,
Argentina,Buenos Aires,SouthAmeric,24.9,23.6,21.9,17.9,14.5,11.7,11,12.8,14.6,17.9,20.7,23.3,17.9,
Bolivia,La Paz,SouthAmeric,9.3,9,8.9,8.8,8.2,7.3,6.8,8.2,8.7,10,10.5,9.7,8.8,
Brazil,Brasilia,SouthAmeric,21.2,21.3,21.5,20.9,19.6,18.5,18.3,20.3,21.7,21.6,21.1,21,20.6,
Brazil,Rio de Janeiro,SouthAmeric,26.3,26.6,26,24.4,22.8,21.8,21.3,21.8,22.2,22.9,24,25.3,23.8,
Brazil,Sao Paulo,SouthAmeric,22.1,22.4,21.8,19.7,17.4,16.3,15.8,17.1,17.9,19,20.2,21.1,19.2,
Chile,Santiago,SouthAmeric,21.2,20.3,18.2,14.4,10.9,9,8.2,9.8,12,15,17.7,20.1,14.7,
Colombia,Bogota,SouthAmeric,14.3,14.5,14.9,14.9,15,14.5,14.6,14.1,14.3,14.3,14.4,14.6,14.4,
Ecuador,Quito,SouthAmeric,14.2,14,14.3,14.3,14.5,14.5,14.6,15,14.8,14.3,14.3,14.4,14.4,
Guyana,Georgetown,SouthAmeric,26.1,26.4,26.7,27,26.8,26.5,26.6,27,27.5,27.6,27.2,26.4,26.8,
Peru,Lima,SouthAmeric,22.1,22.7,22.2,20.6,18.8,17.5,16.7,16.2,16.4,17.3,18.7,20.7,19.2,
Venezuela,Caracas,SouthAmeric,20.2,20.8,21.7,22.7,23.2,22.6,22.2,22.3,22.7,22.4,22,20.7,22,
